strand,pam,spacer,start,gc,conservation_mean,frac_variants_ge50pct,worst_variant,max_offtarget_activity,score
+,TTTA,CTCAGTGTGATCTTTATGCT,226,0.4,1.0,1.0,1.0,0.001,0.9994
+,TTTA,ACGTTCTCACAGTAAAAGGT,643,0.4,1.0,1.0,1.0,0.001,0.9992
-,TTTA,CATGTCTCGTTCAGAGAATC,688,0.45,0.985,1.0,0.819,0.001,0.984
-,TTTG,CATACTCTGATCATCGCATA,862,0.4,0.985,1.0,0.819,0.001,0.9839
+,TTTA,CCGGAGGTGATAATCGAGCT,572,0.55,0.985,1.0,0.819,0.002,0.9829
+,TTTG,CTGGTGCCCAATTACTTGTC,782,0.5,0.967,1.0,0.607,0.001,0.9666
-,TTTC,GTTCATATCGGTGTTTGAAC,367,0.4,0.942,0.917,0.301,0.001,0.9413
+,TTTA,TGCCGAATTGTCGACACCCC,597,0.6,0.937,1.0,0.607,0.001,0.9361
+,TTTA,TGCTTGAGAAAATCAACCCT,242,0.4,0.912,0.917,0.301,0.002,0.9099
+,TTTA,CTTATTAACCAAACCCCGAC,668,0.45,0.909,0.917,0.301,0.002,0.9073
+,TTTA,AGCTCAACGATCCGTCTCAT,419,0.5,0.902,0.917,0.0,0.001,0.9008
-,TTTC,TCAAGCATAAAGATCACACT,229,0.35,1.0,1.0,1.0,0.001,0.8992
-,TTTG,ACAAGTCGAGTTCTGCCGGG,499,0.6,0.886,0.917,0.0,0.001,0.8857
-,TTTA,CTGTGAGAACGTTAAATTAG,635,0.35,0.985,1.0,0.819,0.004,0.8828
+,TTTG,AGGTCAGCGCCATTCAGCGA,327,0.6,0.889,0.833,0.301,0.01,0.8802
-,TTTA,CGGAAGACCCAAACACTATG,271,0.5,0.88,0.917,0.135,0.001,0.8795
+,TTTG,GGTCTTCCGTAAACAGGTGC,282,0.55,0.858,0.833,0.0,0.0,0.8582
-,TTTG,AACAACACAATACAACATGC,350,0.35,0.934,1.0,0.607,0.001,0.8398
+,TTTC,AGGCGCGTACGAGTTGTCCA,443,0.6,0.837,0.833,0.135,0.001,0.8365
+,TTTA,AGTTAGGCCGTTATCCGTAG,749,0.5,0.833,0.833,0.0,0.0,0.833
-,TTTA,TGGGCGCAAAGACTTGTTCA,44,0.5,0.851,0.833,0.301,0.03,0.8251
-,TTTC,GCGGAACTCGCCAAGCACCT,296,0.65,0.826,0.833,0.0,0.001,0.7421
-,TTTG,GTTAATAAGTAAAGACCTTT,657,0.25,0.845,0.833,0.0,0.002,0.5902
+,TTTG,GCTCATATGAACAAGTCTTT,37,0.35,0.854,0.917,0.0,0.497,0.3868
+,TTTG,CGCCCATAAATGTAGCCAGT,58,0.5,0.801,0.833,0.0,0.607,0.315
