time_s,conc_nM,rep,fluor_norm
0.0,0.05,0,-0.0083
60.0,0.05,0,-0.0102
120.0,0.05,0,-0.0118
180.0,0.05,0,0.0061
240.0,0.05,0,0.0256
300.0,0.05,0,0.026
360.0,0.05,0,0.0395
420.0,0.05,0,0.0659
480.0,0.05,0,0.052
540.0,0.05,0,0.0716
600.0,0.05,0,0.09
660.0,0.05,0,0.0958
720.0,0.05,0,0.1044
780.0,0.05,0,0.1104
840.0,0.05,0,0.1488
900.0,0.05,0,0.1291
960.0,0.05,0,0.1349
1020.0,0.05,0,0.1601
1080.0,0.05,0,0.1861
1140.0,0.05,0,0.1931
1200.0,0.05,0,0.1825
1260.0,0.05,0,0.2047
1320.0,0.05,0,0.2097
1380.0,0.05,0,0.2133
1440.0,0.05,0,0.2319
1500.0,0.05,0,0.2412
1560.0,0.05,0,0.2438
1620.0,0.05,0,0.2772
1680.0,0.05,0,0.2552
1740.0,0.05,0,0.2913
1800.0,0.05,0,0.3114
1860.0,0.05,0,0.3209
1920.0,0.05,0,0.3024
1980.0,0.05,0,0.3047
2040.0,0.05,0,0.2925
2100.0,0.05,0,0.3247
2160.0,0.05,0,0.3712
2220.0,0.05,0,0.3197
2280.0,0.05,0,0.3287
2340.0,0.05,0,0.3733
2400.0,0.05,0,0.3785
2460.0,0.05,0,0.3503
2520.0,0.05,0,0.3853
2580.0,0.05,0,0.3996
2640.0,0.05,0,0.3799
2700.0,0.05,0,0.4253
2760.0,0.05,0,0.399
2820.0,0.05,0,0.444
2880.0,0.05,0,0.438
2940.0,0.05,0,0.4322
3000.0,0.05,0,0.4263
3060.0,0.05,0,0.453
3120.0,0.05,0,0.4644
3180.0,0.05,0,0.4714
3240.0,0.05,0,0.4718
3300.0,0.05,0,0.4849
3360.0,0.05,0,0.5085
3420.0,0.05,0,0.4889
3480.0,0.05,0,0.5066
3540.0,0.05,0,0.5237
3600.0,0.05,0,0.5234
0.0,0.05,1,0.0238
60.0,0.05,1,-0.0034
120.0,0.05,1,0.0095
180.0,0.05,1,-0.0318
240.0,0.05,1,0.0148
300.0,0.05,1,0.0387
360.0,0.05,1,0.0212
420.0,0.05,1,0.0679
480.0,0.05,1,0.0298
540.0,0.05,1,0.089
600.0,0.05,1,0.0715
660.0,0.05,1,0.0747
720.0,0.05,1,0.0935
780.0,0.05,1,0.1076
840.0,0.05,1,0.1071
900.0,0.05,1,0.1124
960.0,0.05,1,0.136
1020.0,0.05,1,0.1688
1080.0,0.05,1,0.1712
1140.0,0.05,1,0.1958
1200.0,0.05,1,0.1769
1260.0,0.05,1,0.191
1320.0,0.05,1,0.2016
1380.0,0.05,1,0.219
1440.0,0.05,1,0.2339
1500.0,0.05,1,0.2635
1560.0,0.05,1,0.2576
1620.0,0.05,1,0.2593
1680.0,0.05,1,0.287
1740.0,0.05,1,0.2646
1800.0,0.05,1,0.2662
1860.0,0.05,1,0.3055
1920.0,0.05,1,0.3074
1980.0,0.05,1,0.3161
2040.0,0.05,1,0.3376
2100.0,0.05,1,0.3277
2160.0,0.05,1,0.3402
2220.0,0.05,1,0.3566
2280.0,0.05,1,0.3696
2340.0,0.05,1,0.3835
2400.0,0.05,1,0.3792
2460.0,0.05,1,0.3901
2520.0,0.05,1,0.3583
2580.0,0.05,1,0.4216
2640.0,0.05,1,0.388
2700.0,0.05,1,0.4193
2760.0,0.05,1,0.4664
2820.0,0.05,1,0.4315
2880.0,0.05,1,0.4207
2940.0,0.05,1,0.4768
3000.0,0.05,1,0.4522
3060.0,0.05,1,0.4659
3120.0,0.05,1,0.4736
3180.0,0.05,1,0.4949
3240.0,0.05,1,0.5031
3300.0,0.05,1,0.4971
3360.0,0.05,1,0.5231
3420.0,0.05,1,0.5002
3480.0,0.05,1,0.5312
3540.0,0.05,1,0.5189
3600.0,0.05,1,0.5459
0.0,0.05,2,-0.0065
60.0,0.05,2,0.0239
120.0,0.05,2,-0.0111
180.0,0.05,2,-0.006
240.0,0.05,2,0.0275
300.0,0.05,2,0.0231
360.0,0.05,2,0.0296
420.0,0.05,2,0.0434
480.0,0.05,2,0.0872
540.0,0.05,2,0.0498
600.0,0.05,2,0.0714
660.0,0.05,2,0.0882
720.0,0.05,2,0.0819
780.0,0.05,2,0.1058
840.0,0.05,2,0.1239
900.0,0.05,2,0.1132
960.0,0.05,2,0.1539
1020.0,0.05,2,0.1301
1080.0,0.05,2,0.1552
1140.0,0.05,2,0.1725
1200.0,0.05,2,0.2252
1260.0,0.05,2,0.161
1320.0,0.05,2,0.2014
1380.0,0.05,2,0.2447
1440.0,0.05,2,0.2076
1500.0,0.05,2,0.2425
1560.0,0.05,2,0.2388
1620.0,0.05,2,0.2236
1680.0,0.05,2,0.2603
1740.0,0.05,2,0.2503
1800.0,0.05,2,0.2741
1860.0,0.05,2,0.2594
1920.0,0.05,2,0.3019
1980.0,0.05,2,0.2636
2040.0,0.05,2,0.3061
2100.0,0.05,2,0.3368
2160.0,0.05,2,0.3339
2220.0,0.05,2,0.3295
2280.0,0.05,2,0.3398
2340.0,0.05,2,0.3454
2400.0,0.05,2,0.4009
2460.0,0.05,2,0.3676
2520.0,0.05,2,0.3764
2580.0,0.05,2,0.3737
2640.0,0.05,2,0.3857
2700.0,0.05,2,0.4099
2760.0,0.05,2,0.3995
2820.0,0.05,2,0.4044
2880.0,0.05,2,0.416
2940.0,0.05,2,0.4266
3000.0,0.05,2,0.4421
3060.0,0.05,2,0.4397
3120.0,0.05,2,0.4515
3180.0,0.05,2,0.4505
3240.0,0.05,2,0.4875
3300.0,0.05,2,0.4775
3360.0,0.05,2,0.4786
3420.0,0.05,2,0.4947
3480.0,0.05,2,0.4966
3540.0,0.05,2,0.4807
3600.0,0.05,2,0.5083
0.0,0.1,0,0.0076
60.0,0.1,0,0.021
120.0,0.1,0,0.0019
180.0,0.1,0,0.0023
240.0,0.1,0,0.0295
300.0,0.1,0,0.0776
360.0,0.1,0,0.0611
420.0,0.1,0,0.0839
480.0,0.1,0,0.1326
540.0,0.1,0,0.1329
600.0,0.1,0,0.1544
660.0,0.1,0,0.1838
720.0,0.1,0,0.2001
780.0,0.1,0,0.2147
840.0,0.1,0,0.2434
900.0,0.1,0,0.2489
960.0,0.1,0,0.2788
1020.0,0.1,0,0.3087
1080.0,0.1,0,0.3022
1140.0,0.1,0,0.3337
1200.0,0.1,0,0.3383
1260.0,0.1,0,0.3849
1320.0,0.1,0,0.4008
1380.0,0.1,0,0.4232
1440.0,0.1,0,0.4418
1500.0,0.1,0,0.4585
1560.0,0.1,0,0.4704
1620.0,0.1,0,0.4642
1680.0,0.1,0,0.5058
1740.0,0.1,0,0.4936
1800.0,0.1,0,0.5575
1860.0,0.1,0,0.5417
1920.0,0.1,0,0.5608
1980.0,0.1,0,0.5476
2040.0,0.1,0,0.5961
2100.0,0.1,0,0.6113
2160.0,0.1,0,0.5834
2220.0,0.1,0,0.6116
2280.0,0.1,0,0.6256
2340.0,0.1,0,0.6353
2400.0,0.1,0,0.6778
2460.0,0.1,0,0.7013
2520.0,0.1,0,0.6644
2580.0,0.1,0,0.7073
2640.0,0.1,0,0.6985
2700.0,0.1,0,0.7337
2760.0,0.1,0,0.6868
2820.0,0.1,0,0.7271
2880.0,0.1,0,0.7617
2940.0,0.1,0,0.7416
3000.0,0.1,0,0.7802
3060.0,0.1,0,0.7637
3120.0,0.1,0,0.7973
3180.0,0.1,0,0.7976
3240.0,0.1,0,0.7908
3300.0,0.1,0,0.7938
3360.0,0.1,0,0.8106
3420.0,0.1,0,0.8382
3480.0,0.1,0,0.8281
3540.0,0.1,0,0.8255
3600.0,0.1,0,0.8923
0.0,0.1,1,-0.0034
60.0,0.1,1,0.0111
120.0,0.1,1,-0.0049
180.0,0.1,1,0.0221
240.0,0.1,1,0.0299
300.0,0.1,1,0.0298
360.0,0.1,1,0.0759
420.0,0.1,1,0.0698
480.0,0.1,1,0.094
540.0,0.1,1,0.1425
600.0,0.1,1,0.126
660.0,0.1,1,0.1706
720.0,0.1,1,0.1981
780.0,0.1,1,0.2139
840.0,0.1,1,0.2244
900.0,0.1,1,0.232
960.0,0.1,1,0.2324
1020.0,0.1,1,0.2734
1080.0,0.1,1,0.2953
1140.0,0.1,1,0.2981
1200.0,0.1,1,0.3077
1260.0,0.1,1,0.3521
1320.0,0.1,1,0.3394
1380.0,0.1,1,0.3778
1440.0,0.1,1,0.3795
1500.0,0.1,1,0.3768
1560.0,0.1,1,0.4413
1620.0,0.1,1,0.4409
1680.0,0.1,1,0.4543
1740.0,0.1,1,0.439
1800.0,0.1,1,0.4721
1860.0,0.1,1,0.4917
1920.0,0.1,1,0.4895
1980.0,0.1,1,0.5384
2040.0,0.1,1,0.4959
2100.0,0.1,1,0.5491
2160.0,0.1,1,0.5222
2220.0,0.1,1,0.5388
2280.0,0.1,1,0.5546
2340.0,0.1,1,0.5936
2400.0,0.1,1,0.5853
2460.0,0.1,1,0.5966
2520.0,0.1,1,0.6034
2580.0,0.1,1,0.605
2640.0,0.1,1,0.6236
2700.0,0.1,1,0.6319
2760.0,0.1,1,0.6513
2820.0,0.1,1,0.6596
2880.0,0.1,1,0.6381
2940.0,0.1,1,0.6731
3000.0,0.1,1,0.7095
3060.0,0.1,1,0.6923
3120.0,0.1,1,0.7063
3180.0,0.1,1,0.7043
3240.0,0.1,1,0.7123
3300.0,0.1,1,0.7289
3360.0,0.1,1,0.7168
3420.0,0.1,1,0.7415
3480.0,0.1,1,0.7257
3540.0,0.1,1,0.7623
3600.0,0.1,1,0.7399
0.0,0.1,2,0.014
60.0,0.1,2,-0.0224
120.0,0.1,2,0.0205
180.0,0.1,2,0.0164
240.0,0.1,2,0.0549
300.0,0.1,2,0.0463
360.0,0.1,2,0.0682
420.0,0.1,2,0.0871
480.0,0.1,2,0.13
540.0,0.1,2,0.102
600.0,0.1,2,0.1626
660.0,0.1,2,0.1726
720.0,0.1,2,0.1839
780.0,0.1,2,0.2075
840.0,0.1,2,0.2448
900.0,0.1,2,0.2626
960.0,0.1,2,0.2948
1020.0,0.1,2,0.2786
1080.0,0.1,2,0.2784
1140.0,0.1,2,0.3168
1200.0,0.1,2,0.3401
1260.0,0.1,2,0.3541
1320.0,0.1,2,0.3963
1380.0,0.1,2,0.4292
1440.0,0.1,2,0.4174
1500.0,0.1,2,0.4012
1560.0,0.1,2,0.4596
1620.0,0.1,2,0.45
1680.0,0.1,2,0.4757
1740.0,0.1,2,0.5027
1800.0,0.1,2,0.5104
1860.0,0.1,2,0.5183
1920.0,0.1,2,0.5377
1980.0,0.1,2,0.5586
2040.0,0.1,2,0.5701
2100.0,0.1,2,0.6049
2160.0,0.1,2,0.5418
2220.0,0.1,2,0.5876
2280.0,0.1,2,0.6028
2340.0,0.1,2,0.636
2400.0,0.1,2,0.6386
2460.0,0.1,2,0.6595
2520.0,0.1,2,0.6365
2580.0,0.1,2,0.6654
2640.0,0.1,2,0.689
2700.0,0.1,2,0.6889
2760.0,0.1,2,0.6937
2820.0,0.1,2,0.7136
2880.0,0.1,2,0.7437
2940.0,0.1,2,0.6967
3000.0,0.1,2,0.7612
3060.0,0.1,2,0.7503
3120.0,0.1,2,0.7418
3180.0,0.1,2,0.7729
3240.0,0.1,2,0.7717
3300.0,0.1,2,0.7971
3360.0,0.1,2,0.7745
3420.0,0.1,2,0.8085
3480.0,0.1,2,0.7876
3540.0,0.1,2,0.813
3600.0,0.1,2,0.8255
0.0,0.3,0,0.008
60.0,0.3,0,-0.0012
120.0,0.3,0,0.0481
180.0,0.3,0,0.0596
240.0,0.3,0,0.0986
300.0,0.3,0,0.1538
360.0,0.3,0,0.2036
420.0,0.3,0,0.2415
480.0,0.3,0,0.3155
540.0,0.3,0,0.3503
600.0,0.3,0,0.4083
660.0,0.3,0,0.422
720.0,0.3,0,0.4677
780.0,0.3,0,0.5242
840.0,0.3,0,0.5518
900.0,0.3,0,0.6007
960.0,0.3,0,0.6447
1020.0,0.3,0,0.6844
1080.0,0.3,0,0.7188
1140.0,0.3,0,0.7354
1200.0,0.3,0,0.7378
1260.0,0.3,0,0.7794
1320.0,0.3,0,0.7842
1380.0,0.3,0,0.8194
1440.0,0.3,0,0.8129
1500.0,0.3,0,0.8649
1560.0,0.3,0,0.8654
1620.0,0.3,0,0.8682
1680.0,0.3,0,0.864
1740.0,0.3,0,0.8995
1800.0,0.3,0,0.8972
1860.0,0.3,0,0.9178
1920.0,0.3,0,0.9113
1980.0,0.3,0,0.9211
2040.0,0.3,0,0.9451
2100.0,0.3,0,0.9638
2160.0,0.3,0,0.928
2220.0,0.3,0,0.9488
2280.0,0.3,0,0.9618
2340.0,0.3,0,0.9575
2400.0,0.3,0,0.9567
2460.0,0.3,0,0.9988
2520.0,0.3,0,0.9565
2580.0,0.3,0,0.977
2640.0,0.3,0,0.9665
2700.0,0.3,0,0.9744
2760.0,0.3,0,0.9433
2820.0,0.3,0,0.9925
2880.0,0.3,0,0.9775
2940.0,0.3,0,0.9675
3000.0,0.3,0,1.008
3060.0,0.3,0,0.98
3120.0,0.3,0,0.9758
3180.0,0.3,0,0.9732
3240.0,0.3,0,1.0026
3300.0,0.3,0,0.9877
3360.0,0.3,0,0.9832
3420.0,0.3,0,0.9685
3480.0,0.3,0,0.9753
3540.0,0.3,0,0.9944
3600.0,0.3,0,0.9893
0.0,0.3,1,-0.0146
60.0,0.3,1,0.0107
120.0,0.3,1,0.0705
180.0,0.3,1,0.0519
240.0,0.3,1,0.0695
300.0,0.3,1,0.158
360.0,0.3,1,0.1853
420.0,0.3,1,0.2195
480.0,0.3,1,0.2944
540.0,0.3,1,0.3282
600.0,0.3,1,0.3615
660.0,0.3,1,0.3989
720.0,0.3,1,0.4573
780.0,0.3,1,0.4988
840.0,0.3,1,0.5071
900.0,0.3,1,0.5825
960.0,0.3,1,0.5803
1020.0,0.3,1,0.6499
1080.0,0.3,1,0.6612
1140.0,0.3,1,0.6788
1200.0,0.3,1,0.7099
1260.0,0.3,1,0.7175
1320.0,0.3,1,0.7451
1380.0,0.3,1,0.7888
1440.0,0.3,1,0.772
1500.0,0.3,1,0.8079
1560.0,0.3,1,0.7959
1620.0,0.3,1,0.8215
1680.0,0.3,1,0.8475
1740.0,0.3,1,0.8252
1800.0,0.3,1,0.8576
1860.0,0.3,1,0.8286
1920.0,0.3,1,0.8513
1980.0,0.3,1,0.869
2040.0,0.3,1,0.8947
2100.0,0.3,1,0.8977
2160.0,0.3,1,0.8782
2220.0,0.3,1,0.8944
2280.0,0.3,1,0.9032
2340.0,0.3,1,0.8806
2400.0,0.3,1,0.9136
2460.0,0.3,1,0.9304
2520.0,0.3,1,0.9314
2580.0,0.3,1,0.9063
2640.0,0.3,1,0.9111
2700.0,0.3,1,0.9051
2760.0,0.3,1,0.9134
2820.0,0.3,1,0.9186
2880.0,0.3,1,0.9339
2940.0,0.3,1,0.9261
3000.0,0.3,1,0.912
3060.0,0.3,1,0.9392
3120.0,0.3,1,0.941
3180.0,0.3,1,0.9194
3240.0,0.3,1,0.9255
3300.0,0.3,1,0.9283
3360.0,0.3,1,0.9057
3420.0,0.3,1,0.9329
3480.0,0.3,1,0.9414
3540.0,0.3,1,0.961
3600.0,0.3,1,0.935
0.0,0.3,2,-0.0037
60.0,0.3,2,0.017
120.0,0.3,2,0.044
180.0,0.3,2,0.054
240.0,0.3,2,0.1115
300.0,0.3,2,0.1646
360.0,0.3,2,0.1732
420.0,0.3,2,0.2732
480.0,0.3,2,0.2987
540.0,0.3,2,0.3632
600.0,0.3,2,0.3963
660.0,0.3,2,0.4382
720.0,0.3,2,0.4836
780.0,0.3,2,0.5296
840.0,0.3,2,0.5765
900.0,0.3,2,0.5953
960.0,0.3,2,0.6159
1020.0,0.3,2,0.6534
1080.0,0.3,2,0.6781
1140.0,0.3,2,0.7309
1200.0,0.3,2,0.7298
1260.0,0.3,2,0.7896
1320.0,0.3,2,0.7896
1380.0,0.3,2,0.8053
1440.0,0.3,2,0.8436
1500.0,0.3,2,0.8344
1560.0,0.3,2,0.8499
1620.0,0.3,2,0.8792
1680.0,0.3,2,0.8905
1740.0,0.3,2,0.8753
1800.0,0.3,2,0.9369
1860.0,0.3,2,0.9174
1920.0,0.3,2,0.898
1980.0,0.3,2,0.9214
2040.0,0.3,2,0.9444
2100.0,0.3,2,0.9397
2160.0,0.3,2,0.9545
2220.0,0.3,2,0.9818
2280.0,0.3,2,0.9646
2340.0,0.3,2,0.9845
2400.0,0.3,2,0.9681
2460.0,0.3,2,0.951
2520.0,0.3,2,0.9864
2580.0,0.3,2,0.9557
2640.0,0.3,2,0.9828
2700.0,0.3,2,0.9802
2760.0,0.3,2,0.9595
2820.0,0.3,2,0.9633
2880.0,0.3,2,0.9726
2940.0,0.3,2,0.9826
3000.0,0.3,2,0.9977
3060.0,0.3,2,0.9799
3120.0,0.3,2,1.0083
3180.0,0.3,2,0.9937
3240.0,0.3,2,0.9718
3300.0,0.3,2,0.9728
3360.0,0.3,2,0.9839
3420.0,0.3,2,0.9754
3480.0,0.3,2,0.9824
3540.0,0.3,2,0.9958
3600.0,0.3,2,0.9885
0.0,1.0,0,-0.0111
60.0,1.0,0,0.0183
120.0,1.0,0,0.0915
180.0,1.0,0,0.1965
240.0,1.0,0,0.3402
300.0,1.0,0,0.4718
360.0,1.0,0,0.5828
420.0,1.0,0,0.6866
480.0,1.0,0,0.8012
540.0,1.0,0,0.8214
600.0,1.0,0,0.8857
660.0,1.0,0,0.9215
720.0,1.0,0,0.9439
780.0,1.0,0,0.9986
840.0,1.0,0,0.9926
900.0,1.0,0,1.0223
960.0,1.0,0,0.9939
1020.0,1.0,0,1.044
1080.0,1.0,0,1.0534
1140.0,1.0,0,1.0088
1200.0,1.0,0,1.0234
1260.0,1.0,0,1.0228
1320.0,1.0,0,1.034
1380.0,1.0,0,1.0066
1440.0,1.0,0,1.0335
1500.0,1.0,0,1.0377
1560.0,1.0,0,1.018
1620.0,1.0,0,0.9931
1680.0,1.0,0,1.017
1740.0,1.0,0,1.0213
1800.0,1.0,0,1.0388
1860.0,1.0,0,1.018
1920.0,1.0,0,1.0101
1980.0,1.0,0,1.0366
2040.0,1.0,0,1.033
2100.0,1.0,0,1.0384
2160.0,1.0,0,1.0281
2220.0,1.0,0,1.0433
2280.0,1.0,0,1.0351
2340.0,1.0,0,1.0007
2400.0,1.0,0,1.0304
2460.0,1.0,0,1.039
2520.0,1.0,0,1.028
2580.0,1.0,0,1.0494
2640.0,1.0,0,1.0206
2700.0,1.0,0,1.0379
2760.0,1.0,0,1.009
2820.0,1.0,0,1.0275
2880.0,1.0,0,1.0192
2940.0,1.0,0,1.0125
3000.0,1.0,0,1.0079
3060.0,1.0,0,1.0308
3120.0,1.0,0,1.0339
3180.0,1.0,0,1.018
3240.0,1.0,0,1.0089
3300.0,1.0,0,1.0143
3360.0,1.0,0,1.0389
3420.0,1.0,0,1.0095
3480.0,1.0,0,1.0446
3540.0,1.0,0,1.0025
3600.0,1.0,0,1.0317
0.0,1.0,1,0.0181
60.0,1.0,1,0.025
120.0,1.0,1,0.1006
180.0,1.0,1,0.2005
240.0,1.0,1,0.3582
300.0,1.0,1,0.4654
360.0,1.0,1,0.5746
420.0,1.0,1,0.6751
480.0,1.0,1,0.7685
540.0,1.0,1,0.8319
600.0,1.0,1,0.9006
660.0,1.0,1,0.8894
720.0,1.0,1,0.9628
780.0,1.0,1,0.9627
840.0,1.0,1,0.9842
900.0,1.0,1,0.991
960.0,1.0,1,1.0017
1020.0,1.0,1,1.0193
1080.0,1.0,1,1.0148
1140.0,1.0,1,0.9923
1200.0,1.0,1,1.0146
1260.0,1.0,1,1.0153
1320.0,1.0,1,1.0231
1380.0,1.0,1,1.0187
1440.0,1.0,1,1.0173
1500.0,1.0,1,1.0342
1560.0,1.0,1,1.0026
1620.0,1.0,1,1.0518
1680.0,1.0,1,1.0107
1740.0,1.0,1,1.0037
1800.0,1.0,1,1.031
1860.0,1.0,1,1.0354
1920.0,1.0,1,1.0381
1980.0,1.0,1,1.0412
2040.0,1.0,1,1.0265
2100.0,1.0,1,1.0204
2160.0,1.0,1,1.0251
2220.0,1.0,1,1.0194
2280.0,1.0,1,1.0113
2340.0,1.0,1,1.0435
2400.0,1.0,1,1.0467
2460.0,1.0,1,1.0196
2520.0,1.0,1,1.016
2580.0,1.0,1,1.0121
2640.0,1.0,1,0.9942
2700.0,1.0,1,1.0093
2760.0,1.0,1,1.0117
2820.0,1.0,1,1.0192
2880.0,1.0,1,1.0044
2940.0,1.0,1,0.9909
3000.0,1.0,1,1.0293
3060.0,1.0,1,1.0453
3120.0,1.0,1,0.9876
3180.0,1.0,1,1.0174
3240.0,1.0,1,1.0323
3300.0,1.0,1,1.002
3360.0,1.0,1,0.998
3420.0,1.0,1,1.02
3480.0,1.0,1,1.016
3540.0,1.0,1,1.01
3600.0,1.0,1,1.0442
0.0,1.0,2,0.0099
60.0,1.0,2,0.0315
120.0,1.0,2,0.1103
180.0,1.0,2,0.2411
240.0,1.0,2,0.3501
300.0,1.0,2,0.5018
360.0,1.0,2,0.6152
420.0,1.0,2,0.6898
480.0,1.0,2,0.7957
540.0,1.0,2,0.8762
600.0,1.0,2,0.9154
660.0,1.0,2,0.9311
720.0,1.0,2,0.9705
780.0,1.0,2,0.9905
840.0,1.0,2,1.0125
900.0,1.0,2,1.0218
960.0,1.0,2,1.0234
1020.0,1.0,2,1.0468
1080.0,1.0,2,1.0578
1140.0,1.0,2,1.0316
1200.0,1.0,2,1.0196
1260.0,1.0,2,1.0486
1320.0,1.0,2,1.0439
1380.0,1.0,2,1.0507
1440.0,1.0,2,1.0346
1500.0,1.0,2,1.0495
1560.0,1.0,2,1.0317
1620.0,1.0,2,1.0618
1680.0,1.0,2,1.0708
1740.0,1.0,2,1.0317
1800.0,1.0,2,1.0068
1860.0,1.0,2,1.0385
1920.0,1.0,2,1.0379
1980.0,1.0,2,1.0488
2040.0,1.0,2,1.0462
2100.0,1.0,2,1.0534
2160.0,1.0,2,1.0867
2220.0,1.0,2,1.0376
2280.0,1.0,2,1.0404
2340.0,1.0,2,1.0525
2400.0,1.0,2,1.0183
2460.0,1.0,2,1.0578
2520.0,1.0,2,1.0367
2580.0,1.0,2,1.0245
2640.0,1.0,2,1.0334
2700.0,1.0,2,1.0536
2760.0,1.0,2,1.0587
2820.0,1.0,2,1.0649
2880.0,1.0,2,1.0527
2940.0,1.0,2,1.0353
3000.0,1.0,2,1.0545
3060.0,1.0,2,1.045
3120.0,1.0,2,1.0813
3180.0,1.0,2,1.0154
3240.0,1.0,2,1.0704
3300.0,1.0,2,1.0578
3360.0,1.0,2,1.0524
3420.0,1.0,2,1.0449
3480.0,1.0,2,1.0379
3540.0,1.0,2,1.0319
3600.0,1.0,2,1.023
0.0,3.0,0,0.0154
60.0,3.0,0,0.1083
120.0,3.0,0,0.3308
180.0,3.0,0,0.5562
240.0,3.0,0,0.7959
300.0,3.0,0,0.9406
360.0,3.0,0,1.0288
420.0,3.0,0,1.0291
480.0,3.0,0,1.0615
540.0,3.0,0,1.0589
600.0,3.0,0,1.0647
660.0,3.0,0,1.0533
720.0,3.0,0,1.0706
780.0,3.0,0,1.0665
840.0,3.0,0,1.0373
900.0,3.0,0,1.0835
960.0,3.0,0,1.0983
1020.0,3.0,0,1.0522
1080.0,3.0,0,1.0826
1140.0,3.0,0,1.0507
1200.0,3.0,0,1.0575
1260.0,3.0,0,1.0918
1320.0,3.0,0,1.0684
1380.0,3.0,0,1.0882
1440.0,3.0,0,1.0699
1500.0,3.0,0,1.0807
1560.0,3.0,0,1.063
1620.0,3.0,0,1.087
1680.0,3.0,0,1.0924
1740.0,3.0,0,1.0757
1800.0,3.0,0,1.0571
1860.0,3.0,0,1.0601
1920.0,3.0,0,1.0514
1980.0,3.0,0,1.0747
2040.0,3.0,0,1.0735
2100.0,3.0,0,1.0552
2160.0,3.0,0,1.0794
2220.0,3.0,0,1.057
2280.0,3.0,0,1.093
2340.0,3.0,0,1.0781
2400.0,3.0,0,1.0896
2460.0,3.0,0,1.055
2520.0,3.0,0,1.0508
2580.0,3.0,0,1.0384
2640.0,3.0,0,1.0755
2700.0,3.0,0,1.0489
2760.0,3.0,0,1.0859
2820.0,3.0,0,1.068
2880.0,3.0,0,1.0773
2940.0,3.0,0,1.0466
3000.0,3.0,0,1.057
3060.0,3.0,0,1.0686
3120.0,3.0,0,1.0769
3180.0,3.0,0,1.0466
3240.0,3.0,0,1.071
3300.0,3.0,0,1.0535
3360.0,3.0,0,1.078
3420.0,3.0,0,1.0625
3480.0,3.0,0,1.0614
3540.0,3.0,0,1.0724
3600.0,3.0,0,1.0832
0.0,3.0,1,0.0204
60.0,3.0,1,0.0779
120.0,3.0,1,0.31
180.0,3.0,1,0.5322
240.0,3.0,1,0.7538
300.0,3.0,1,0.8669
360.0,3.0,1,0.9491
420.0,3.0,1,0.9885
480.0,3.0,1,0.9772
540.0,3.0,1,0.9702
600.0,3.0,1,0.9955
660.0,3.0,1,1.0065
720.0,3.0,1,1.0024
780.0,3.0,1,0.9854
840.0,3.0,1,1.0115
900.0,3.0,1,0.9947
960.0,3.0,1,1.0105
1020.0,3.0,1,0.9858
1080.0,3.0,1,1.0056
1140.0,3.0,1,1.0166
1200.0,3.0,1,0.9891
1260.0,3.0,1,0.9946
1320.0,3.0,1,1.0082
1380.0,3.0,1,1.0068
1440.0,3.0,1,1.0043
1500.0,3.0,1,0.9971
1560.0,3.0,1,0.9756
1620.0,3.0,1,0.9988
1680.0,3.0,1,0.9796
1740.0,3.0,1,1.0002
1800.0,3.0,1,0.964
1860.0,3.0,1,1.0203
1920.0,3.0,1,1.0272
1980.0,3.0,1,1.0055
2040.0,3.0,1,0.9862
2100.0,3.0,1,0.9943
2160.0,3.0,1,1.0121
2220.0,3.0,1,1.0087
2280.0,3.0,1,0.9884
2340.0,3.0,1,1.0167
2400.0,3.0,1,1.0096
2460.0,3.0,1,1.0068
2520.0,3.0,1,0.9936
2580.0,3.0,1,0.9988
2640.0,3.0,1,0.9882
2700.0,3.0,1,1.0016
2760.0,3.0,1,0.989
2820.0,3.0,1,1.0162
2880.0,3.0,1,0.9994
2940.0,3.0,1,1.0019
3000.0,3.0,1,1.0037
3060.0,3.0,1,1.0036
3120.0,3.0,1,0.9776
3180.0,3.0,1,1.0178
3240.0,3.0,1,1.0002
3300.0,3.0,1,0.9906
3360.0,3.0,1,0.9843
3420.0,3.0,1,0.9886
3480.0,3.0,1,0.9896
3540.0,3.0,1,0.9989
3600.0,3.0,1,0.9859
0.0,3.0,2,0.0039
60.0,3.0,2,0.0831
120.0,3.0,2,0.3412
180.0,3.0,2,0.5523
240.0,3.0,2,0.7626
300.0,3.0,2,0.8905
360.0,3.0,2,0.9552
420.0,3.0,2,0.9985
480.0,3.0,2,1.0215
540.0,3.0,2,1.0047
600.0,3.0,2,0.9948
660.0,3.0,2,1.0163
720.0,3.0,2,0.9763
780.0,3.0,2,1.0107
840.0,3.0,2,1.0056
900.0,3.0,2,1.0132
960.0,3.0,2,0.9859
1020.0,3.0,2,1.0019
1080.0,3.0,2,0.9931
1140.0,3.0,2,1.0003
1200.0,3.0,2,1.017
1260.0,3.0,2,1.0053
1320.0,3.0,2,0.9994
1380.0,3.0,2,1.0258
1440.0,3.0,2,1.0084
1500.0,3.0,2,0.9781
1560.0,3.0,2,0.9926
1620.0,3.0,2,1.0142
1680.0,3.0,2,1.0145
1740.0,3.0,2,1.0113
1800.0,3.0,2,1.0119
1860.0,3.0,2,0.9946
1920.0,3.0,2,1.0065
1980.0,3.0,2,0.9903
2040.0,3.0,2,0.9954
2100.0,3.0,2,0.9943
2160.0,3.0,2,0.9953
2220.0,3.0,2,1.0027
2280.0,3.0,2,1.0043
2340.0,3.0,2,0.9958
2400.0,3.0,2,1.0236
2460.0,3.0,2,1.0008
2520.0,3.0,2,1.0303
2580.0,3.0,2,1.0223
2640.0,3.0,2,0.9896
2700.0,3.0,2,1.0206
2760.0,3.0,2,0.9867
2820.0,3.0,2,1.0288
2880.0,3.0,2,1.0122
2940.0,3.0,2,0.9926
3000.0,3.0,2,0.9749
3060.0,3.0,2,1.0013
3120.0,3.0,2,0.9872
3180.0,3.0,2,1.0234
3240.0,3.0,2,0.9887
3300.0,3.0,2,1.0037
3360.0,3.0,2,1.0143
3420.0,3.0,2,1.0072
3480.0,3.0,2,1.0109
3540.0,3.0,2,1.0033
3600.0,3.0,2,1.0176
0.0,10.0,0,0.0085
60.0,10.0,0,0.2539
120.0,10.0,0,0.7227
180.0,10.0,0,0.9124
240.0,10.0,0,0.9654
300.0,10.0,0,0.9811
360.0,10.0,0,0.991
420.0,10.0,0,0.9461
480.0,10.0,0,0.9613
540.0,10.0,0,0.9582
600.0,10.0,0,0.9906
660.0,10.0,0,0.9598
720.0,10.0,0,0.983
780.0,10.0,0,0.965
840.0,10.0,0,0.9513
900.0,10.0,0,0.9742
960.0,10.0,0,0.9558
1020.0,10.0,0,0.9834
1080.0,10.0,0,0.9848
1140.0,10.0,0,0.9923
1200.0,10.0,0,0.9576
1260.0,10.0,0,0.9958
1320.0,10.0,0,0.9869
1380.0,10.0,0,0.946
1440.0,10.0,0,1.0053
1500.0,10.0,0,0.9975
1560.0,10.0,0,0.9572
1620.0,10.0,0,0.9774
1680.0,10.0,0,0.9527
1740.0,10.0,0,0.9705
1800.0,10.0,0,0.9753
1860.0,10.0,0,0.9817
1920.0,10.0,0,0.9603
1980.0,10.0,0,0.9721
2040.0,10.0,0,0.9587
2100.0,10.0,0,0.9782
2160.0,10.0,0,0.9823
2220.0,10.0,0,0.9736
2280.0,10.0,0,0.9895
2340.0,10.0,0,0.9837
2400.0,10.0,0,0.978
2460.0,10.0,0,0.9897
2520.0,10.0,0,0.9541
2580.0,10.0,0,0.972
2640.0,10.0,0,0.9462
2700.0,10.0,0,0.9722
2760.0,10.0,0,0.9655
2820.0,10.0,0,0.9847
2880.0,10.0,0,0.9659
2940.0,10.0,0,0.963
3000.0,10.0,0,0.9711
3060.0,10.0,0,0.9705
3120.0,10.0,0,0.9801
3180.0,10.0,0,0.9595
3240.0,10.0,0,0.9503
3300.0,10.0,0,0.9489
3360.0,10.0,0,0.9896
3420.0,10.0,0,0.9538
3480.0,10.0,0,0.9656
3540.0,10.0,0,0.9561
3600.0,10.0,0,0.9856
0.0,10.0,1,0.018
60.0,10.0,1,0.2638
120.0,10.0,1,0.7318
180.0,10.0,1,0.95
240.0,10.0,1,0.9927
300.0,10.0,1,0.9647
360.0,10.0,1,0.9773
420.0,10.0,1,0.9816
480.0,10.0,1,0.9556
540.0,10.0,1,0.9933
600.0,10.0,1,0.9886
660.0,10.0,1,0.9903
720.0,10.0,1,0.9621
780.0,10.0,1,0.9855
840.0,10.0,1,0.9893
900.0,10.0,1,0.9981
960.0,10.0,1,0.9751
1020.0,10.0,1,0.9929
1080.0,10.0,1,1.0119
1140.0,10.0,1,0.9764
1200.0,10.0,1,0.9767
1260.0,10.0,1,0.978
1320.0,10.0,1,0.9607
1380.0,10.0,1,0.9774
1440.0,10.0,1,1.0069
1500.0,10.0,1,0.969
1560.0,10.0,1,0.98
1620.0,10.0,1,1.0006
1680.0,10.0,1,0.9912
1740.0,10.0,1,0.9862
1800.0,10.0,1,0.9779
1860.0,10.0,1,0.9811
1920.0,10.0,1,0.983
1980.0,10.0,1,0.9931
2040.0,10.0,1,0.984
2100.0,10.0,1,0.9968
2160.0,10.0,1,0.9552
2220.0,10.0,1,0.995
2280.0,10.0,1,0.975
2340.0,10.0,1,0.9831
2400.0,10.0,1,0.9766
2460.0,10.0,1,0.9924
2520.0,10.0,1,0.9811
2580.0,10.0,1,0.9922
2640.0,10.0,1,0.971
2700.0,10.0,1,0.9857
2760.0,10.0,1,1.0011
2820.0,10.0,1,0.9994
2880.0,10.0,1,0.9776
2940.0,10.0,1,0.985
3000.0,10.0,1,0.9774
3060.0,10.0,1,0.9811
3120.0,10.0,1,0.9832
3180.0,10.0,1,1.0009
3240.0,10.0,1,0.9916
3300.0,10.0,1,1.0045
3360.0,10.0,1,1.0057
3420.0,10.0,1,0.9642
3480.0,10.0,1,0.9875
3540.0,10.0,1,0.9763
3600.0,10.0,1,0.959
0.0,10.0,2,-0.0074
60.0,10.0,2,0.2951
120.0,10.0,2,0.7179
180.0,10.0,2,0.9221
240.0,10.0,2,0.9634
300.0,10.0,2,0.9568
360.0,10.0,2,0.9707
420.0,10.0,2,0.9668
480.0,10.0,2,0.9441
540.0,10.0,2,0.9603
600.0,10.0,2,1.0178
660.0,10.0,2,0.9775
720.0,10.0,2,0.9667
780.0,10.0,2,0.978
840.0,10.0,2,0.9538
900.0,10.0,2,0.9695
960.0,10.0,2,0.9811
1020.0,10.0,2,0.9445
1080.0,10.0,2,0.9574
1140.0,10.0,2,0.9623
1200.0,10.0,2,0.964
1260.0,10.0,2,0.9606
1320.0,10.0,2,0.9722
1380.0,10.0,2,0.9832
1440.0,10.0,2,0.9733
1500.0,10.0,2,0.9833
1560.0,10.0,2,0.9836
1620.0,10.0,2,0.9594
1680.0,10.0,2,0.9722
1740.0,10.0,2,0.9627
1800.0,10.0,2,0.9779
1860.0,10.0,2,0.9631
1920.0,10.0,2,0.9655
1980.0,10.0,2,0.9932
2040.0,10.0,2,0.9656
2100.0,10.0,2,0.9453
2160.0,10.0,2,0.97
2220.0,10.0,2,0.9726
2280.0,10.0,2,0.9608
2340.0,10.0,2,0.9693
2400.0,10.0,2,0.9832
2460.0,10.0,2,0.9606
2520.0,10.0,2,0.9655
2580.0,10.0,2,0.9578
2640.0,10.0,2,0.9731
2700.0,10.0,2,0.9664
2760.0,10.0,2,0.9547
2820.0,10.0,2,0.966
2880.0,10.0,2,0.9951
2940.0,10.0,2,0.9432
3000.0,10.0,2,0.948
3060.0,10.0,2,0.9732
3120.0,10.0,2,0.9479
3180.0,10.0,2,0.9969
3240.0,10.0,2,0.9464
3300.0,10.0,2,0.9492
3360.0,10.0,2,0.9608
3420.0,10.0,2,0.9841
3480.0,10.0,2,0.9801
3540.0,10.0,2,0.9766
3600.0,10.0,2,0.9727
